a,コンビニ,2022-11-23,2022-11-23 17:00,2022-11-23 21:00,900,1100
a,コンビニ,2022-11-25,2022-11-25 17:00,2022-11-25 21:00,900,1100
a,コンビニ,2022-11-26,2022-11-26 17:00,2022-11-26 21:00,900,1100
a,コンビニ,2022-11-28,2022-11-28 17:00,2022-11-28 21:00,900,1100
a,コンビニ,2022-11-30,2022-11-30 17:00,2022-11-30 21:00,900,1100
a,コンビニ,2022-12-02,2022-12-02 17:00,2022-12-02 21:00,900,1100
a,コンビニ,2022-12-04,2022-12-04 17:00,2022-12-04 21:00,900,1100
a,コンビニ,2022-12-05,2022-12-05 17:00,2022-12-05 21:00,900,1100
a,コンビニ,2022-12-07,2022-12-07 17:00,2022-12-07 21:00,900,1100
a,コンビニ,2022-12-09,2022-12-09 17:00,2022-12-09 21:00,900,1100
a,コンビニ,2022-12-11,2022-12-11 17:00,2022-12-11 21:00,900,1100
a,コンビニ,2022-12-14,2022-12-14 17:00,2022-12-14 21:00,900,1100
a,コンビニ,2022-12-16,2022-12-16 17:00,2022-12-16 21:00,900,1100
a,コンビニ,2022-12-18,2022-12-18 17:00,2022-12-18 21:00,900,1100
a,コンビニ,2022-12-19,2022-12-19 17:00,2022-12-19 21:00,900,1100